Bus Stop,Priority Score,Priority Rank,Shelter,Safety,Road Interface,Environment,Comfort,Information
ஆடுத்தொட்டி,11,1,2,0,2,2,3,2
Fire station Bus stand Vysarpadi,11,1,2,0,2,2,3,2
Massodhi,11,1,2,0,2,2,3,2
கணேசபுரம்,11,1,2,0,2,2,3,2
Jj nagar East bus stop,10,5,1,0,2,2,3,2
Jj east junction,10,5,1,0,2,2,3,2
MKB POLICE STATION,9,7,2,0,2,2,2,1
Brindha theater,9,7,2,0,2,1,3,1
ஜவஹர் நகர்,9,7,1,0,2,2,3,1
Meersahipet Market,9,7,2,0,2,1,2,2
T.N.H.B Flats (towards ashok nager),9,7,1,0,2,1,3,2
நாய் கோட்ரஸ்,9,7,2,0,2,1,2,2
பேசின் ரோடு இந்திரா காந்தி நகர்,9,7,1,0,2,2,2,2
MKB  Nagar,8,14,1,0,2,2,2,1
Brindha theatre moolakadai,8,14,2,0,1,1,2,2
[surveyor name removed],8,14,1,0,2,1,2,2
Pallikarnai Bus Stop,8,14,1,0,2,2,1,2
LB Road Jayanthi Theare Bus Stop _ Indira Nagar side,8,14,1,0,2,1,2,2
Vadapalani Murugan Temple (towards Kodambakkam),8,14,1,0,2,2,1,2
மாத்தூர்,8,14,0,0,2,2,3,1
Ispahani Centre Bus stop,8,14,1,0,2,2,1,2
மாத்தூர்,8,14,0,0,2,1,3,2
Perumbakkam no name,8,14,1,0,2,1,2,2
Sakhi JV,8,14,1,0,2,2,1,2
Meersahipet Market,8,14,1,0,2,1,2,2
DLF /L&T Ramapuram (Towards Porur),8,14,1,0,2,2,1,2
Ottiyambakkam Main Road towards Medavakkam,8,14,2,0,0,1,3,2
Navalur AGS,8,14,1,0,2,1,2,2
Semmencheri Aazhamaram,8,14,2,0,2,2,0,2
Panagal maligai ( towards Guindy),8,14,1,0,2,1,2,2
Sathyabhama Semmencheri,8,14,1,0,2,2,1,2
Todd hunder nagar (or) Veterinary hospital (towards Gundy),8,14,2,0,2,1,1,2
Kumaran Nagar Semmencheri,8,14,2,0,2,1,1,2
Sithalapakkam(Towards Ottiyambakkam)),8,14,1,0,2,1,2,2
Wall tax road depot,8,14,1,0,2,2,3,0
T17 Perumbakkam police station,8,14,1,0,2,1,2,2
No name looks to be Perumbakkam limit,8,14,1,0,2,1,2,2
Moolakadai bus stand 2,8,14,1,0,1,2,2,2
தீயணைப்பு நிலையம் வியாசர்பாடி,8,14,0,0,2,2,2,2
Don Bosco school,8,14,0,0,2,1,3,2
KAMARAJAR SALAI BUS STOP,8,14,1,0,2,1,2,2
Tiruvanmiyur Main Bus Stop,7,42,0,0,2,1,2,2
M.P. தேவதாஸ் உயர்நிலைப்பள்ளி,7,42,2,0,2,2,1,0
Church road,7,42,1,0,2,1,1,2
மூலகொத்தளம்,7,42,0,0,2,1,2,2
Aminjikarai Tollgate Bus Stop - Towards Koyambedu,7,42,1,0,2,1,1,2
புளியந்தோப்பு காவல் நிலையம் p1,7,42,0,0,2,2,1,2
Moolakadai bus stand,7,42,1,0,1,1,2,2
Simpson moolakadai,7,42,0,0,2,2,2,1
Moolakadai bus stand,7,42,0,0,1,1,3,2
Ponniaman Kovil stop,7,42,1,0,2,1,1,2
Kumaran nagar Semmencheri,7,42,1,0,2,1,1,2
T.Nagar,7,42,0,0,2,1,2,2
ரயில்வே காலனி,7,42,2,0,0,2,3,0
டால்கோ,7,42,1,0,2,1,2,1
மணலி,7,42,1,0,2,1,3,0
Raja hostel bus stop,7,42,1,0,2,1,1,2
Todd Hunder nagar,7,42,1,0,2,1,1,2
Ekkatuthangal ( Towards Guindy),7,42,0,0,0,2,3,2
Don Bosco school moolakadai,7,42,0,0,1,2,2,2
[surveyor name removed],7,42,1,0,2,1,1,2
[surveyor name removed],7,42,1,0,2,1,1,2
வீனஸ்,7,42,1,0,2,2,2,0
Semmencheri Aazhamaram,7,42,2,0,2,1,0,2
Sathyabhama Semmencheri,7,42,1,0,2,1,1,2
AGS navalur,7,42,0,0,2,1,2,2
Liberty Bus Stop,7,42,1,0,2,1,1,2
Powerhouse Kodambakkam,7,42,1,0,2,1,1,2
பெரம்பூர் மாதா கோவில்,7,42,1,0,2,1,3,0
Tiruvanmiyur Depot _ last stop,6,70,1,0,2,2,1,0
Fire station Bus stand Vysarpadi,6,70,1,0,1,1,2,1
சத்தியமூர்த்தி நகர்,6,70,0,0,2,2,2,0
Vadivudaiamman Kovil Perambur,6,70,2,0,0,2,2,0
Erukkacheri tolket,6,70,1,0,1,1,2,1
Melpatti Ponnappa street Perambur,6,70,0,0,1,2,2,1
Tiruvanmiyur ECR Stop,6,70,0,0,2,1,1,2
No,6,70,0,0,1,1,2,2
புளியந்தோப்பு (p1) காவல் நிலையம்,6,70,0,0,2,2,1,1
Ambedkar play ground,6,70,0,0,2,1,2,1
West balaji nagar bus stop,6,70,0,0,2,2,0,2
Ampa Skywalk - towards Kilpauk (New Bus Stop),6,70,0,0,1,1,2,2
TIRUVANMITUR RTO WEST (OPPOSITE) SIDE,6,70,0,0,2,1,2,1
முராரி மருத்துவமனை,6,70,1,0,2,1,2,0
அருள் நகர்,6,70,0,0,2,1,2,1
மில்க் காலனி யுனிவர்சிட்டி,6,70,0,0,2,1,2,1
முராரி மருத்துவமனை,6,70,1,0,0,1,3,1
Ottiyambakkam towards medavakkam,6,70,1,0,1,1,1,2
Aminjikarai Market Bus Stop - Towards Kilpauk,6,70,1,0,2,2,1,0
Aavin Bus stop,6,70,1,0,2,1,0,2
"Jaya Nagar(Towards Medavakkam), Sithalapakkam",6,70,1,0,2,2,1,0
Seevaram,6,70,1,0,1,1,1,2
Sithalapakkam(Towards Ottiyambakkam)),6,70,1,0,2,2,1,0
"Jaya Nagar(Towards Ottiyambakkam), Sithalapakkam",6,70,1,0,2,2,1,0
Aavin Sholingnallur,6,70,1,0,2,1,0,2
Thirunagar (towards Arumbakkam),6,70,1,0,2,2,1,0
AGS Colony,6,70,0,0,2,2,1,1
Thirunagar (towards Arumbakkam),6,70,0,0,2,2,0,2
SIMS (towards Arumbakkam),6,70,1,0,2,2,1,0
Guindy (Towards Saidapet),6,70,0,0,2,2,1,1
Aavin Sholingnallur,6,70,1,0,2,1,0,2
New Boag road bus stop ( towards T.nagar),6,70,0,0,2,1,2,1
Thiruvanmiyur ( towards Guindy),6,70,1,0,2,2,1,0
Poniamman Kovil,6,70,1,0,2,1,0,2
Olympia,6,70,0,0,1,2,1,2
Anna Nagar East Girias Bus Stop - Towards Roundtana,6,70,0,0,2,1,1,2
SIMS (towards Vadapalani),6,70,1,0,2,2,1,0
Plaza Quarters Nookampalayam Main Road towards Perumbakkam Church,5,107,1,0,2,1,1,0
Anna Nagar 2nd Aveneue Roundtana  Bus Stop - Towards Anna Nagar East,5,107,0,0,2,1,2,0
Church road,5,107,1,0,2,1,1,0
Thalambur Bus stop,5,107,0,0,1,2,1,1
Thirivanmiyur depot ( towards Gandhi nagar),5,107,0,0,1,1,1,2
Renuka amman Kovil Perambur,5,107,1,0,1,2,1,0
Tiruvanmiyur ECR Muffasil Bus Stop,5,107,1,0,2,1,1,0
Massodhi,5,107,1,0,2,1,1,0
Thalambur Kootu road,5,107,0,0,2,1,0,2
Erkenchery toll gate,5,107,0,0,1,1,1,2
Dr ambedkar playground bus stop,5,107,0,0,2,2,0,1
Fire station or variety centre,5,107,1,0,2,1,1,0
Velaammal school - unsure from g map,5,107,1,0,2,1,1,0
Saidapet court,5,107,1,0,1,1,0,2
Srinivasa Theatre ( towards guindy),5,107,1,0,2,1,1,0
T.N.H.B. flats,5,107,0,0,2,1,0,2
Moon Light Ramapuram Chennai,5,107,0,0,2,2,1,0
R R Colony,5,107,0,0,2,1,0,2
காமராஜர் சிலை,5,107,0,0,0,2,2,1
Kasi theatre,5,107,1,0,2,1,1,0
Arasankazhani,5,107,1,0,1,1,1,1
Nadasan park,5,107,0,0,1,1,1,2
Aranganadhar subway (towards ashoknagar),5,107,1,0,2,1,1,0
மாத்தூர் மூணாவது பிரதமர் சாலை,5,107,1,0,2,1,1,0
T17 Perumbakkam,5,107,1,0,2,1,1,0
ADMK Office,5,107,0,0,1,2,0,2
Perumbakkam no name,5,107,1,0,2,1,1,0
Aminjikarai Bus Stop - Towards Kilpauk,5,107,1,0,2,1,1,0
Grace supermarket,5,107,1,0,2,1,1,0
Ampa Sky Walk - Towards Koyambedu (old bus stop),5,107,1,0,2,1,1,0
Lakshmi Amman Kovil,5,107,0,0,1,1,2,1
Eswari Kalyana Mandapam Perambur,5,107,1,0,1,1,1,1
Panchayat Union Office Shollinganallur,5,107,1,0,0,1,1,2
Aminjikarai Market Bus Stop - Towards Koyambedu,5,107,1,0,2,1,1,0
Velammal school unsure  opposite side,5,107,1,0,2,1,1,0
Pari salai,5,107,1,0,2,1,1,0
Variety centr or fire station,5,107,1,0,2,1,1,0
Anna Nagar Ayyappan Koil Bus Stop - Towards Roundtana,5,107,0,0,2,1,2,0
Kalaimagal nagar bus stop,5,107,0,0,1,1,1,2
Kasi theatre - to guindy,5,107,1,0,2,1,1,0
Erukkacheri  ( dolket ),4,147,0,0,2,1,1,0
Anna Nagar Bougainvilla Park / M Block Bus Stop - Towards Anna Nagar West,4,147,0,0,2,1,0,1
Sharma Nagar,4,147,0,0,2,1,1,0
Srinivasa Theatre,4,147,0,0,2,1,1,0
Venkat Narayana Road,4,147,0,0,0,1,1,2
Adyar (towards Besant nagar),4,147,0,0,1,1,1,1
M.G.Road( towards guindy),4,147,0,0,1,1,1,1
Anna Nagar - K4 Round Tana Bus Stop - Towards Villivakkam,4,147,1,0,2,1,0,0
SRP Tools,4,147,0,0,1,1,1,1
Little mount(Towards Saidapet),4,147,1,0,1,1,1,0
LB Road Jayanthi theater _ Tiruvanmiyur side,4,147,1,0,1,1,1,0
Shenoy Nagar Government School - Towards Aminjikarai,4,147,0,0,2,1,0,1
Pachayappas Metro Station Bus Stop - towards Kilpauk,4,147,0,0,2,1,1,0
Shollinganallur,4,147,0,0,0,1,1,2
Ampa Skywalk Bus Stop - Towards Koyambedu (New Bus stop),4,147,0,0,1,1,0,2
TIRUVANMIYUR RTO,4,147,0,0,1,1,1,1
Sakhi JV,4,147,0,0,0,2,1,1
பெல்ஸ் ரோடு,4,147,0,0,0,1,2,1
Oil Mill Bus Stop (Toward Velachery),4,147,0,0,0,2,1,1
Anna Nagar M Block / 14 Shops Bus Stop - Towards Kilpauk,4,147,0,0,2,1,0,1
Anna Nagar Vijayasesh Mahal Bus Stop - Towards Villivakkam,4,147,0,0,2,1,1,0
Towards Besant Nagar,4,147,0,0,1,1,1,1
Perungudi IGP,3,169,0,0,0,1,1,1
Anna Nagar - DK Kalyana Mandapam Bus Stop - Towards Villivakkam,3,169,0,0,2,1,0,0
Billroth Hospital Bus stop,3,169,0,0,2,1,0,0
"Bus shelters in Adyar SP road, near Adyar Bus terminus. 3 Bus stops.",3,169,1,0,0,1,1,0
Anna Nagar East Chinthamani Bus Stop - Towards Kilpauk,3,169,0,0,2,1,0,0
Anna Nagar 1st Avenue Bus Stop - Towards Kilpauk,3,169,0,0,2,1,0,0
Shenoy Nagar Metro Station - Towards Anna Nagar East,3,169,0,0,2,1,0,0
Sastri nagar,3,169,0,0,0,1,0,2
LB Road _ Tidal Park Side,3,169,0,0,1,1,0,1
KP Oil Mill,3,169,0,0,0,1,0,2
Aranganathan subway,3,169,0,0,0,1,1,1
Vivekanandar House,3,169,0,0,0,1,1,1
CIT Nagar bus stop,3,169,1,0,0,1,1,0
Anna Nagar East 14 Shops Bus Stop - Towards Villivakkam,3,169,0,0,2,1,0,0
Anna Nagar Kandasamy College Bus Stop - Towards Villivakkam,3,169,0,0,2,1,0,0
Anna Nagar Govt Peripheral Hospital Bus Stop - Towards Roundtana,3,169,0,0,2,1,0,0
அண்ணா ஸ்கொயர்,3,169,0,0,0,1,1,1
ICF Depot,3,169,0,0,0,1,1,1
"Meenakshi College (Arcot Road, Kodambakkam)",3,169,0,0,0,2,1,0
Towards Besant Nagar,3,169,0,0,1,1,0,1
MOP Vaishnav college,3,169,0,0,0,1,0,2
Aranganathan Subway bus stop,3,169,0,0,1,2,0,0
Kandhanchavadi,3,169,0,0,0,1,1,1
Thoraipakkam,3,169,0,0,0,1,1,1
Anna Nagar East Metro Station Bus Stop - Towards Kilpauk,3,169,0,0,2,1,0,0
Anna Nagar - Kandasamy College Bus Stop - Towards Villivakkam,3,169,0,0,2,1,0,0
Saidapet (towards guindy),3,169,0,0,0,1,0,2
Pandi pazzar,3,169,0,0,0,1,0,2
ஹோம் மந்திரா,3,169,0,0,0,1,2,0
Church park convent,3,169,0,0,0,1,0,2
Jawaharlal Nehru Road Bus Stop,2,199,0,0,1,1,0,0
Ambedkar college Bus stand,2,199,0,0,0,1,1,0
Besant Avenue Road - Avvai Home (toward West),2,199,0,0,0,1,0,1
Besant Avenue - Avvai Illam (towards East),2,199,0,0,0,1,0,1
Sivan Kovil (towards Ashok Pillar),2,199,0,0,0,2,0,0
Anna University,2,199,0,0,0,1,0,1
KMC Hospital bus stop,2,199,0,0,1,1,0,0
Adayar Bsnl depo bus stop,2,199,0,0,0,1,0,1
Arya Gowda Road,2,199,0,0,0,1,1,0
Anna Nagar East Kaveri Nagar Bus Stop - Towards Anna Nagar West,1,208,0,0,0,1,0,0
Shastri Nagar bus stop,1,208,0,0,0,1,0,0
K P Oil mill,1,208,0,0,0,1,0,0
